sampleID,,treatment,,Novel introns,,Novel exons,,Novel transcripts,,Matching introns,,Matching exons,,Matching transcripts,,Intron level sensitivity,,Intron level precision,,Exon level sensitivity,,Exon level precision,,Transcript level sensitivity,,Transcript level precision
control,modified,control,modified,control,modified,control,modified,control,modified,control,modified,control,modified,control,modified,control,modified,control,modified,control,modified,control,modified,control,modified,control,modified
SRR10095077,SRR10095077,B73_star,B73_star_EASTR_filtered,9190,9083,14117,13903,20882,20718,110556,110461,136478,136291,16119,16084,57.6,57.5,88.3,88.4,45.5,45.4,72.0,72.2,22.241079559566188,22.192786378563348,43.56368746790627,43.70414651377642
SRR10095075,SRR10095075,B73_star,B73_star_EASTR_filtered,10027,9925,15493,15310,23218,23083,111879,111769,138740,138551,16230,16198,58.0,57.9,87.3,87.4,45.6,45.6,70.5,70.6,22.394237933603776,22.350084168115462,41.142770229162444,41.23622107380158
SRR10095076,SRR10095076,B73_star,B73_star_EASTR_filtered,8553,8438,13884,13629,24111,23926,106857,106751,134748,134580,15068,15036,55.6,55.5,88.4,88.5,43.0,42.9,69.0,69.1,20.79090432430941,20.746750558821095,38.45937874881952,38.59144807761408
