sampleID,,treatment,,Novel introns,,Novel exons,,Novel transcripts,,Matching introns,,Matching exons,,Matching transcripts,,Intron level sensitivity,,Intron level precision,,Exon level sensitivity,,Exon level precision,,Transcript level sensitivity,,Transcript level precision
control,modified,control,modified,control,modified,control,modified,control,modified,control,modified,control,modified,control,modified,control,modified,control,modified,control,modified,control,modified,control,modified,control,modified
SRR10095075,SRR10095075,B73_hisat,B73_hisat_EASTR_filtered,10059,9808,16450,15977,24060,23796,112287,112141,139735,139487,16457,16417,58.3,58.3,87.5,87.8,46.0,45.9,70.3,70.5,22.707453707536494,22.652261500676104,40.61751857245107,40.82510630890508
SRR10095077,SRR10095077,B73_hisat,B73_hisat_EASTR_filtered,9155,8964,14897,14518,21724,21488,111010,110868,137413,137163,16304,16261,58.0,57.9,88.6,88.7,45.8,45.7,71.8,72.0,22.4963435162955,22.437011893920577,42.87367203113495,43.07663779172958
SRR10095076,SRR10095076,B73_hisat,B73_hisat_EASTR_filtered,8657,8356,14651,14180,24942,24710,107295,107165,135854,135631,15233,15210,56.0,55.9,88.7,88.9,43.3,43.2,68.7,69.0,21.018572177608522,20.986836658663798,37.91661481020535,38.10120240480962
