sampleID,,treatment,,Novel introns,,Novel exons,,Novel transcripts,,Matching introns,,Matching exons,,Matching transcripts,,Intron level sensitivity,,Intron level precision,,Exon level sensitivity,,Exon level precision,,Transcript level sensitivity,,Transcript level precision
control,modified,control,modified,control,modified,control,modified,control,modified,control,modified,control,modified,control,modified,control,modified,control,modified,control,modified,control,modified,control,modified,control,modified
SRR3091548,SRR3091548,B73_star,B73_star_EASTR_filtered,12337,12168,19727,19453,26357,26217,41592,41557,58150,58095,2996,3006,20.8,20.8,70.9,71.2,14.7,14.7,45.3,45.5,4.13389629384331,4.147694345558407,10.206793172759173,10.286418232214352
SRR3094513,SRR3094513,B73_star,B73_star_EASTR_filtered,6210,6134,10219,10084,16393,16328,27054,27030,38768,38749,1739,1741,13.9,13.8,76.4,76.6,9.7,9.7,47.4,47.5,2.3994811932555122,2.402240803598532,9.59077873373042,9.635286955559245
SRR3091717,SRR3091717,B73_star,B73_star_EASTR_filtered,8558,8378,16274,15965,25801,25625,26437,26395,43062,43011,1795,1797,13.2,13.2,69.5,69.8,9.2,9.1,36.7,36.9,2.4767502828600603,2.4795098932030797,6.504565879112915,6.553132521333236
