sampleID,,treatment,,Novel introns,,Novel exons,,Novel transcripts,,Matching introns,,Matching exons,,Matching transcripts,,Intron level sensitivity,,Intron level precision,,Exon level sensitivity,,Exon level precision,,Transcript level sensitivity,,Transcript level precision
control,modified,control,modified,control,modified,control,modified,control,modified,control,modified,control,modified,control,modified,control,modified,control,modified,control,modified,control,modified,control,modified,control,modified
8903,8353,17487,16540,26575,26119,26596,26495,43380,43245,1815,1820,13.4,13.3,69.1,70.3,9.3,9.3,36.3,36.9,2.5043463862902557,2.511245412147805,6.393096160619937,6.5141916317692115
6209,5965,10487,10049,16486,16249,27190,27150,39010,38943,1776,1785,14.0,14.0,76.8,77.4,9.8,9.8,47.6,48.0,2.4505339846013743,2.4629522311449623,9.725112254955645,9.897970500166352
12557,12115,20560,19769,26778,26354,41973,41896,58700,58582,3075,3087,21.1,21.1,71.0,71.6,14.9,14.9,45.2,45.7,4.2429009023925826,4.2594585644507,10.300472314340267,10.485377534730478
