sampleID,,treatment,,Novel introns,,Novel exons,,Novel transcripts,,Matching introns,,Matching exons,,Matching transcripts,,Intron level sensitivity,,Intron level precision,,Exon level sensitivity,,Exon level precision,,Transcript level sensitivity,,Transcript level precision
control,modified,control,modified,control,modified,control,modified,control,modified,control,modified,control,modified,control,modified,control,modified,control,modified,control,modified,control,modified,control,modified,control,modified
4647,4521,3136,2953,11081,10993,101693,101594,128241,128107,17201,17196,72.3,72.3,92.9,93.1,52.9,52.8,76.7,76.9,28.908757836002756,28.90035461588881,60.81960257407538,61.00251871297314
4291,4155,2780,2623,10465,10365,98588,98489,124136,123956,16246,16240,70.4,70.3,93.5,93.7,50.9,50.9,76.6,76.8,27.30374279423875,27.293658930102016,60.821384448354614,61.04115767712836
783,734,582,530,8821,8753,94338,94275,116591,116452,15413,15402,67.5,67.5,97.0,97.1,48.6,48.5,79.1,79.2,25.90376632325507,25.885279239004387,63.6007262523727,63.76319602566756
701,661,567,521,8723,8667,92698,92636,114516,114384,14941,14930,66.4,66.4,97.2,97.2,47.8,47.8,79.3,79.4,25.11050234449841,25.092015260247727,63.13810006761325,63.27075475696063
4323,4189,2879,2707,10766,10679,99073,98991,124851,124728,16396,16383,70.6,70.6,93.3,93.5,51.3,51.3,76.6,76.7,27.55583939765718,27.53399102536092,60.363743465135116,60.5387628408839
728,692,577,527,8904,8845,94651,94589,117076,116958,15543,15524,67.7,67.7,97.0,97.1,48.9,48.9,79.2,79.3,26.12225004621771,26.09031780978471,63.57835317216836,63.703886084779846
