sampleID,,treatment,,Novel introns,,Novel exons,,Novel transcripts,,Matching introns,,Matching exons,,Matching transcripts,,Intron level sensitivity,,Intron level precision,,Exon level sensitivity,,Exon level precision,,Transcript level sensitivity,,Transcript level precision
control,modified,control,modified,control,modified,control,modified,control,modified,control,modified,control,modified,control,modified,control,modified,control,modified,control,modified,control,modified,control,modified,control,modified
SRR14056780,SRR14056780,TAIR10_hisat,TAIR10_hisat_EASTR_filtered,4351,4195,2855,2645,10280,10161,98521,98422,124112,123919,16299,16288,70.4,70.4,93.6,93.8,51.0,51.0,76.7,76.9,27.392816927446596,27.374329843195913,61.32284886564581,61.582668531891564
SRR14056782,SRR14056782,TAIR10_hisat,TAIR10_hisat_EASTR_filtered,4408,4220,3011,2763,10611,10472,99127,99001,124960,124727,16472,16465,70.8,70.8,93.4,93.7,51.4,51.4,76.6,76.8,27.683568343389187,27.67180383522966,60.82044086696452,61.12410439172885
SRR16596900,SRR16596900,TAIR10_hisat,TAIR10_hisat_EASTR_filtered,766,728,586,544,8741,8654,94637,94550,117100,116915,15591,15577,67.8,67.8,97.1,97.2,48.9,48.9,79.3,79.4,26.20292095931161,26.179391942992556,64.07611375965806,64.28541950394123
SRR16596899,SRR16596899,TAIR10_hisat,TAIR10_hisat_EASTR_filtered,775,730,570,517,8519,8425,94369,94274,116553,116361,15472,15464,67.6,67.6,97.1,97.3,48.6,48.6,79.3,79.4,26.002924320599654,25.989479168417336,64.49085073569255,64.73272217338524
SRR16596898,SRR16596898,TAIR10_hisat,TAIR10_hisat_EASTR_filtered,716,676,573,526,8454,8368,92805,92715,114597,114410,15015,15007,66.6,66.6,97.3,97.4,47.9,47.9,79.4,79.5,25.234870002184838,25.22142485000252,63.97801354978908,64.20106951871658
SRR14056781,SRR14056781,TAIR10_hisat,TAIR10_hisat_EASTR_filtered,4743,4553,3243,3012,10892,10716,101837,101685,128475,128175,17306,17292,72.5,72.5,93.0,93.2,53.0,53.0,76.8,77.0,29.08522545839566,29.061696442076602,61.37314703170438,61.7395029991431
